{
  "Ansi 6 Color" : {
    "Green Component" : 0.68627450980392157,
    "Red Component" : 0.52941176470588236,
    "Blue Component" : 0.68627450980392157
  },
  "Tags" : [

  ],
  "Ansi 12 Color" : {
    "Green Component" : 0.83137254901960789,
    "Red Component" : 0.67843137254901964,
    "Blue Component" : 0.98431372549019602
  },
  "Use Non-ASCII Font" : false,
  "Draw Powerline Glyphs" : true,
  "Bold Color" : {
    "Green Component" : 0.89411764705882357,
    "Red Component" : 0.89411764705882357,
    "Blue Component" : 0.89411764705882357
  },
  "Normal Font" : "CousineNFM-Regular 18",
  "Ansi 0 Color" : {
    "Green Component" : 0.30588235294117649,
    "Red Component" : 0.30588235294117649,
    "Blue Component" : 0.30588235294117649
  },
  "Guid" : "6A8554F4-67D8-4FA3-BA58-9423D891B51E",
  "Rows" : 25,
  "Default Bookmark" : "No",
  "Custom Directory" : "No",
  "Cursor Guide Color" : {
    "Red Component" : 0.70214027166366577,
    "Color Space" : "sRGB",
    "Blue Component" : 1,
    "Alpha Component" : 0.25,
    "Green Component" : 0.92681378126144409
  },
  "Non-ASCII Anti Aliased" : true,
  "Use Bright Bold" : true,
  "Ansi 10 Color" : {
    "Green Component" : 0.68627450980392157,
    "Red Component" : 0.52941176470588236,
    "Blue Component" : 0.52941176470588236
  },
  "Ambiguous Double Width" : false,
  "Jobs to Ignore" : [
    "rlogin",
    "ssh",
    "slogin",
    "telnet"
  ],
  "Ansi 15 Color" : {
    "Green Component" : 0.89411764705882357,
    "Red Component" : 0.89411764705882357,
    "Blue Component" : 0.89411764705882357
  },
  "Foreground Color" : {
    "Green Component" : 0.81568627450980391,
    "Red Component" : 0.81568627450980391,
    "Blue Component" : 0.81568627450980391
  },
  "Working Directory" : "\/Users\/kai-hanchang",
  "Blinking Cursor" : false,
  "Disable Window Resizing" : true,
  "Sync Title" : false,
  "Prompt Before Closing 2" : false,
  "BM Growl" : true,
  "Command" : "",
  "Description" : "Default",
  "Mouse Reporting" : true,
  "Screen" : -1,
  "Selection Color" : {
    "Green Component" : 0.37254901960784315,
    "Red Component" : 0,
    "Blue Component" : 0.37254901960784315
  },
  "Only The Default BG Color Uses Transparency" : true,
  "Columns" : 80,
  "Idle Code" : 0,
  "Ansi 13 Color" : {
    "Green Component" : 0.68627450980392157,
    "Red Component" : 1,
    "Blue Component" : 0.68627450980392157
  },
  "Custom Command" : "No",
  "ASCII Anti Aliased" : true,
  "Non Ascii Font" : "Monaco 12",
  "Vertical Spacing" : 1,
  "Use Bold Font" : true,
  "Option Key Sends" : 0,
  "Selected Text Color" : {
    "Green Component" : 0.81568627450980391,
    "Red Component" : 0.81568627450980391,
    "Blue Component" : 0.81568627450980391
  },
  "Background Color" : {
    "Red Component" : 0.189056396484375,
    "Color Space" : "sRGB",
    "Blue Component" : 0.189056396484375,
    "Alpha Component" : 1,
    "Green Component" : 0.189056396484375
  },
  "Character Encoding" : 4,
  "Ansi 11 Color" : {
    "Green Component" : 0.84313725490196079,
    "Red Component" : 1,
    "Blue Component" : 0.52941176470588236
  },
  "Use Italic Font" : true,
  "Unlimited Scrollback" : false,
  "Keyboard Map" : {
    "0xf703-0x280000-0x7c" : {
      "Version" : 1,
      "Action" : 10,
      "Text" : "f",
      "Label" : ""
    },
    "0xf712-0x40000" : {
      "Action" : 10,
      "Text" : "[28;5~"
    },
    "0xf70b-0x40000" : {
      "Action" : 10,
      "Text" : "[19;5~"
    },
    "0xf70d-0x20000" : {
      "Action" : 10,
      "Text" : "[21;2~"
    },
    "0xf706-0x40000" : {
      "Action" : 10,
      "Text" : "[1;5R"
    },
    "0xf708-0x20000" : {
      "Action" : 10,
      "Text" : "[15;2~"
    },
    "0x33-0x40000" : {
      "Action" : 11,
      "Text" : "0x1b"
    },
    "0xf703-0x260000" : {
      "Action" : 10,
      "Text" : "[1;6C"
    },
    "0xf729-0x20000" : {
      "Action" : 10,
      "Text" : "[1;2H"
    },
    "0xf70f-0x40000" : {
      "Action" : 10,
      "Text" : "[24;5~"
    },
    "0xf702-0x260000" : {
      "Action" : 10,
      "Text" : "[1;6D"
    },
    "0xf711-0x40000" : {
      "Action" : 10,
      "Text" : "[26;5~"
    },
    "0x38-0x40000" : {
      "Action" : 11,
      "Text" : "0x7f"
    },
    "0xf70a-0x40000" : {
      "Action" : 10,
      "Text" : "[18;5~"
    },
    "0xf72b-0x40000" : {
      "Action" : 10,
      "Text" : "[1;5F"
    },
    "0xf70c-0x20000" : {
      "Action" : 10,
      "Text" : "[20;2~"
    },
    "0xf705-0x40000" : {
      "Action" : 10,
      "Text" : "[1;5Q"
    },
    "0xf701-0x260000" : {
      "Action" : 10,
      "Text" : "[1;6B"
    },
    "0x32-0x40000" : {
      "Action" : 11,
      "Text" : "0x00"
    },
    "0xf707-0x20000" : {
      "Action" : 10,
      "Text" : "[1;2S"
    },
    "0xf703-0x240000" : {
      "Action" : 10,
      "Text" : "[1;5C"
    },
    "0xf700-0x260000" : {
      "Action" : 10,
      "Text" : "[1;6A"
    },
    "0xf702-0x240000" : {
      "Action" : 10,
      "Text" : "[1;5D"
    },
    "0x37-0x40000" : {
      "Action" : 11,
      "Text" : "0x1f"
    },
    "0xf70e-0x40000" : {
      "Action" : 10,
      "Text" : "[23;5~"
    },
    "0xf710-0x40000" : {
      "Action" : 10,
      "Text" : "[25;5~"
    },
    "0xf709-0x40000" : {
      "Action" : 10,
      "Text" : "[17;5~"
    },
    "0xf701-0x240000" : {
      "Action" : 10,
      "Text" : "[1;5B"
    },
    "0xf70b-0x20000" : {
      "Action" : 10,
      "Text" : "[19;2~"
    },
    "0xf703-0x220000" : {
      "Action" : 10,
      "Text" : "[1;2C"
    },
    "0xf704-0x40000" : {
      "Action" : 10,
      "Text" : "[1;5P"
    },
    "0xf706-0x20000" : {
      "Action" : 10,
      "Text" : "[1;2R"
    },
    "0xf700-0x240000" : {
      "Action" : 10,
      "Text" : "[1;5A"
    },
    "0xf702-0x220000" : {
      "Action" : 10,
      "Text" : "[1;2D"
    },
    "0x36-0x40000" : {
      "Action" : 11,
      "Text" : "0x1e"
    },
    "0xf70d-0x40000" : {
      "Action" : 10,
      "Text" : "[21;5~"
    },
    "0xf70f-0x20000" : {
      "Action" : 10,
      "Text" : "[24;2~"
    },
    "0xf701-0x220000" : {
      "Action" : 10,
      "Text" : "[1;2B"
    },
    "0xf702-0x280000-0x7b" : {
      "Version" : 1,
      "Action" : 10,
      "Text" : "b",
      "Label" : ""
    },
    "0xf708-0x40000" : {
      "Action" : 10,
      "Text" : "[15;5~"
    },
    "0xf70a-0x20000" : {
      "Action" : 10,
      "Text" : "[18;2~"
    },
    "0xf729-0x40000" : {
      "Action" : 10,
      "Text" : "[1;5H"
    },
    "0xf72b-0x20000" : {
      "Action" : 10,
      "Text" : "[1;2F"
    },
    "0xf700-0x220000" : {
      "Action" : 10,
      "Text" : "[1;2A"
    },
    "0xf705-0x20000" : {
      "Action" : 10,
      "Text" : "[1;2Q"
    },
    "0x35-0x40000" : {
      "Action" : 11,
      "Text" : "0x1d"
    },
    "0xf70c-0x40000" : {
      "Action" : 10,
      "Text" : "[20;5~"
    },
    "0x2d-0x40000" : {
      "Action" : 11,
      "Text" : "0x1f"
    },
    "0xf70e-0x20000" : {
      "Action" : 10,
      "Text" : "[23;2~"
    },
    "0xf707-0x40000" : {
      "Action" : 10,
      "Text" : "[1;5S"
    },
    "0xf709-0x20000" : {
      "Action" : 10,
      "Text" : "[17;2~"
    },
    "0xf704-0x20000" : {
      "Action" : 10,
      "Text" : "[1;2P"
    },
    "0x34-0x40000" : {
      "Action" : 11,
      "Text" : "0x1c"
    }
  },
  "Window Type" : 0,
  "Background Image Location" : "",
  "Blur" : false,
  "Badge Color" : {
    "Red Component" : 1,
    "Color Space" : "sRGB",
    "Blue Component" : 0,
    "Alpha Component" : 0.5,
    "Green Component" : 0.14910030364990234
  },
  "Scrollback Lines" : 1000,
  "Send Code When Idle" : false,
  "Close Sessions On End" : true,
  "Terminal Type" : "xterm-256color",
  "Visual Bell" : true,
  "Flashing Bell" : false,
  "Silence Bell" : false,
  "Ansi 14 Color" : {
    "Green Component" : 0.84313725490196079,
    "Red Component" : 0.52941176470588236,
    "Blue Component" : 0.84313725490196079
  },
  "Name" : "Default",